itemid,hasbird
64486,0
2525,0
44981,0
101323,0
165746,0
38232,0
104540,0
157473,0
132129,0
127302,0
24950,0
39924,0
19037,1
86729,0
92992,0
69238,0
102853,0
124684,0
81068,0
123344,0
102553,0
70948,0
55122,0
104656,0
124698,0
79563,0
77649,0
146716,0
146812,0
141255,0
192790,0
91760,0
71838,1
132941,0
97375,1
63806,0
38282,0
44223,0
72827,1
157204,0
50678,0
148814,0
166175,1
87526,0
54803,1
43830,0
156039,0
89677,1
7885,0
17008,0
65676,0
137885,0
42805,1
28807,0
194705,0
127361,0
69090,1
94833,0
77308,0
155250,0
43443,0
40130,1
146713,1
67419,0
109156,1
32479,1
160784,0
126154,1
46222,0
123144,1
147582,1
107636,0
32261,1
155126,0
79704,0
54536,1
47701,0
193483,1
113346,0
191373,0
37798,1
146695,1
43444,0
147937,0
23771,1
140798,0
44048,0
173444,1
86763,0
60589,0
192681,0
80712,1
172997,0
65281,0
45923,0
78784,1
156363,0
41192,0
34218,0
188172,0
58511,0
145529,0
138650,1
156607,0
66035,0
91267,0
162729,0
39652,1
39985,0
124679,0
48995,0
142335,0
194675,1
71056,1
90846,0
68152,0
32494,0
146863,0
164378,0
159998,0
17354,1
150113,1
63742,0
66034,0
176589,0
140825,1
44186,0
23415,0
7320,1
85160,0
111040,1
107522,1
175040,0
137884,1
91476,0
80689,1
155209,0
73116,0
103026,0
178878,1
171427,0
147777,0
184633,0
19992,0
50883,1
52073,1
150882,1
118595,0
179678,0
86960,0
35692,0
73078,0
182093,0
111092,1
54485,0
191737,1
188261,1
73517,0
109657,1
85362,0
187125,0
46347,0
72233,1
146223,0
154921,1
88409,0
71862,0
66594,1
57147,0
184200,1
189862,0
95956,0
109373,0
125243,0
172519,0
176591,1
16990,0
78793,0
102552,1
11692,0
100302,0
90352,0
56875,0
71964,0
137886,0
176124,0
173888,0
31244,1
157733,0
77783,0
66785,1
52833,1
147599,0
134971,0
20019,0
3188,1
69103,1
31454,0
127282,0
180544,1
15657,1
127234,0
104541,0
77666,1
108763,1
7875,0
91467,1
126762,0
169097,0
142293,0
111175,0
112535,1
162727,0
162768,0
187943,1
188469,0
54753,0
95488,1
62166,0
164939,0
9225,0
118745,0
57327,1
71294,1
100180,1
187130,0
165048,1
41848,0
188140,0
2531,0
112758,1
86935,0
38584,0
99437,0
81924,0
89675,0
99687,1
58233,1
42200,0
90359,0
121554,1
34773,1
38273,0
25380,0
51036,0
18515,1
87944,0
104390,0
94828,0
160911,0
174774,0
146693,0
162682,0
60135,1
74316,1
164165,0
191926,0
168049,0
151254,0
100842,0
17632,0
145535,0
164926,0
35038,0
33640,0
149763,1
157740,0
157470,0
64174,0
128116,0
68642,1
50920,0
48644,0
123993,1
68495,0
122186,0
50934,0
168901,0
75073,0
113437,0
156354,0
193803,0
69004,0
183448,1
169134,1
125821,0
151381,0
5204,1
103558,0
101319,0
38755,0
146703,1
188367,0
19030,0
38306,0
17143,0
147935,0
173498,0
157512,0
7173,0
42198,1
95954,0
57668,1
19264,1
144066,0
72858,1
184204,0
95811,0
191991,1
117406,0
58386,0
74477,0
174042,0
56964,0
48652,0
133470,1
147015,0
65346,0
123691,0
59197,0
52905,1
160514,1
146869,1
69192,0
186517,0
190573,1
102082,0
174237,0
73617,1
99449,0
86641,0
78805,0
166698,0
90421,0
170835,0
46918,0
92818,0
31456,0
73181,0
181412,0
193802,0
155639,0
70300,0
65355,0
126607,0
73542,1
57860,0
180448,0
19376,0
157822,0
104386,0
166426,0
171463,1
146075,0
60858,0
118958,0
40132,0
39859,0
68998,0
86248,0
86968,0
155193,0
39658,0
128705,1
147899,0
173192,0
186730,1
160004,0
28809,0
184234,0
76271,0
138459,0
121539,0
184796,1
87404,0
120645,1
58232,1
94632,0
172687,0
158606,0
17005,0
169860,0
127185,0
147638,1
112252,0
187586,0
146199,0
161651,1
173196,0
115700,0
162490,0
71861,0
102087,0
46237,0
30168,0
127637,0
119065,0
96145,0
64193,0
132640,0
131130,0
15470,0
176022,0
66052,1
58838,1
86736,0
91762,0
99083,1
157596,0
147905,0
39942,0
122194,0
165126,0
167245,1
195598,0
121361,0
100839,0
155301,0
84910,0
80790,0
58180,0
134982,0
94635,0
164844,0
54884,0
92846,0
62280,1
20008,0
18050,1
86756,0
7151,0
159500,1
191934,0
65344,0
109154,0
55857,0
97382,1
151774,1
52171,1
184751,1
37911,1
99081,0
131488,0
41182,0
169947,1
153126,0
45485,0
53693,1
191744,1
82058,0
73079,0
38388,0
51631,0
195090,1
2151,0
169081,0
65946,0
125812,0
127347,0
184641,0
171006,0
96429,1
175020,1
87954,0
162748,0
186338,0
188509,0
127511,0
115409,1
173185,1
25526,0
86943,0
140797,0
192153,1
155214,0
188619,1
75098,0
111185,0
64430,0
71500,0
78384,0
73257,0
111023,1
66596,0
16633,0
155196,0
157294,0
32536,1
87950,0
66324,0
164176,0
20193,1
105029,0
155111,0
56513,1
176246,1
147923,0
61842,0
152549,1
15468,0
26912,1
72545,0
113979,1
22522,0
102070,0
58833,0
39920,0
65520,0
127291,0
56949,0
92994,0
62065,0
93452,1
51728,0
155252,1
131131,0
97374,1
184563,1
108764,1
187002,0
95256,1
166262,0
99228,0
128419,0
13735,0
30950,0
38766,0
163688,0
81269,1
130087,0
81764,1
188145,0
127508,0
109088,0
29932,0
32406,1
58267,0
176175,0
160537,0
187654,0
157462,0
15426,0
111405,0
151773,1
77915,0
102046,0
56955,1
181606,0
25377,0
30338,1
79264,0
125244,0
66157,0
20194,1
138160,0
184463,1
77785,0
162743,1
82542,0
147940,0
164118,0
172167,1
137957,0
34347,0
56413,1
165568,0
54857,0
98739,0
160533,0
127725,0
184273,0
146344,0
127607,0
147929,0
185151,0
30337,1
184199,1
20190,1
104392,0
57066,0
7887,0
17138,0
75224,0
42193,0
132047,0
64610,0
71508,1
132108,1
156142,0
52403,0
150881,0
174879,0
73097,0
181408,0
31027,1
150169,0
174011,1
130483,1
23417,0
116428,0
56403,0
150888,1
63842,1
172442,0
17007,1
146273,0
118596,0
123685,0
127279,0
30789,0
92820,0
153575,0
109098,1
116399,0
23554,0
146221,0
64467,0
141177,0
128701,0
18928,1
79270,0
127629,0
105272,1
160018,0
84540,0
54919,1
138467,0
186998,1
139987,0
74409,0
64397,0
33641,0
184491,0
39873,0
123039,0
174092,0
29645,0
91987,0
153502,1
44122,0
45476,1
127210,0
57050,0
138240,0
55657,0
81485,0
176245,1
119300,1
131105,0
96174,1
159166,0
53691,0
77660,0
15552,1
126849,0
56414,1
151775,1
61684,0
60587,1
93651,0
117663,1
149871,1
168490,0
158613,0
141162,0
56135,0
190896,0
127441,0
54814,0
76935,0
127238,0
1052,1
143115,0
140776,0
127228,0
184218,1
194851,1
168056,0
117785,0
65263,1
96921,1
94826,0
93667,0
166204,0
189324,1
110996,0
149112,1
124488,1
96181,0
172922,0
160006,0
71705,0
23026,0
56345,0
181398,1
104389,0
63925,0
107521,1
175681,0
164177,0
78782,1
33449,1
127627,0
80791,0
162710,0
124587,0
177860,0
39675,0
42916,1
169103,0
104745,0
20067,0
34157,0
123994,0
34651,0
37907,1
39497,0
34328,0
149293,0
56941,0
72225,1
64099,0
32834,0
187126,0
161924,1
20989,1
50935,0
131920,0
167207,1
32046,1
40861,0
76727,0
104805,0
73368,0
107606,0
65357,0
38731,0
65748,0
28376,0
41317,0
97379,1
149932,1
165185,0
161878,0
62487,0
183654,0
151192,0
110686,0
28775,0
53582,0
115725,0
156526,1
30788,0
184235,0
40833,1
47181,0
72011,0
157227,0
59176,0
29982,0
54640,1
7543,0
68380,0
75248,0
70958,1
84687,0
167569,0
173897,0
38886,0
189583,0
69962,1
7996,0
1945,0
347,0
56301,1
167370,0
72010,0
195862,0
127281,0
124733,0
3182,1
57062,0
155203,0
57035,0
73282,0
164120,0
21245,1
45336,1
30034,0
57034,0
37930,0
54595,1
146860,0
43717,0
104649,1
169041,0
67483,1
148356,0
78794,0
7542,0
157883,0
179738,0
17075,0
44111,1
185121,0
108770,1
140204,0
63726,0
5929,0
121572,0
66046,0
162686,0
163727,1
167406,0
156597,0
188065,1
140158,0
31909,1
86749,0
173893,0
188937,0
111049,1
162744,1
54914,1
127370,0
91991,0
120375,0
170338,0
126042,0
61631,0
56947,0
79268,0
78792,1
159449,0
76685,0
80792,0
180920,0
164174,0
97381,0
51372,0
133091,0
15553,0
153376,1
71823,0
121304,1
102074,0
127240,0
32311,1
121356,0
132045,0
131238,0
57067,0
45486,0
56549,1
147819,0
100883,0
54033,0
61363,0
157864,0
117786,0
127262,0
147945,0
50424,0
74468,0
194489,0
117783,0
144019,1
148817,0
195343,0
48161,0
113441,1
47052,1
89690,0
80716,1
98941,1
122191,0
49408,1
65811,1
110913,0
101236,1
61496,0
44881,0
62602,0
35722,0
63693,0
5997,0
90338,0
58274,0
59765,0
123142,0
114627,0
80745,0
71121,0
89054,0
36596,1
189851,0
56367,0
11685,0
104501,1
160489,0
46348,0
180542,0
126333,0
117890,1
158598,0
43708,0
108697,1
90084,0
56958,0
169037,0
113355,0
187132,0
74514,1
96175,0
155285,0
31154,0
108355,0
80314,0
55240,0
34619,1
122063,0
42786,0
45910,0
14909,1
148652,0
148288,0
155296,0
149928,0
91032,1
102068,0
150947,0
58174,0
46225,0
150338,0
91286,0
39943,0
38303,1
90342,1
187075,0
21322,0
78922,0
156227,1
86748,0
39659,0
3187,0
95692,0
16837,0
162732,0
188701,1
118327,0
76904,0
31256,0
44569,0
87456,1
12699,0
79564,0
127360,0
112203,1
97973,1
66350,1
17136,0
176250,0
20988,1
172443,0
116847,0
105395,1
82539,1
164163,0
181400,0
87519,0
82905,0
55121,0
140710,0
73354,0
73082,0
67191,0
17147,0
52836,1
110916,0
128015,0
59445,0
15225,1
107224,0
173896,0
155048,0
148154,0
167403,0
38396,1
80793,0
63583,0
162693,0
104520,0
38888,0
44698,0
180530,0
140805,0
176247,0
169024,1
69091,0
74469,0
22863,0
63507,0
150328,0
86646,0
5996,1
33444,0
43778,1
94415,0
15226,0
165388,0
157915,0
18755,0
140350,0
75088,1
187129,0
36735,0
81049,1
60033,0
104287,0
181232,1
65471,0
69106,0
93756,1
38732,0
89958,0
65337,0
111080,1
155229,1
159999,0
191911,0
109232,0
38279,0
157192,0
131032,0
56909,0
74848,0
78807,0
127251,0
76407,0
2537,1
113577,1
44109,1
191918,0
52170,0
113337,0
160427,1
171647,0
158782,0
136280,0
73392,1
190696,0
177300,0
69108,1
160538,0
148229,1
185762,0
155638,0
58240,0
100506,1
147863,0
37796,1
102852,0
194488,0
42964,0
63695,0
148422,0
177140,0
157395,0
123297,0
177183,0
38392,0
98118,0
99225,0
91557,0
169157,0
87614,0
60639,0
91450,0
158597,1
108656,0
157393,0
151829,1
145275,0
90179,0
15792,0
34129,0
35027,1
104124,0
63756,1
98937,1
162450,0
147245,0
106859,0
121568,0
145484,0
30547,0
92824,0
17082,0
127180,0
104583,0
121364,0
187560,1
55110,0
103353,0
66591,0
26913,0
87618,1
155299,1
160017,0
62931,0
41503,0
176628,0
172439,0
90417,0
160526,0
81463,0
101459,1
127377,0
127356,0
142295,0
49085,0
39674,1
127844,0
147030,0
126846,0
112628,0
50498,1
97378,0
89445,0
146862,0
76441,1
62892,0
110378,0
167034,0
123996,0
173447,1
165184,0
172053,0
185127,0
185529,0
102080,0
194231,0
102934,0
41303,0
95033,1
50619,1
188955,0
136473,0
12704,0
11696,0
97739,0
124492,0
48409,1
171165,0
33542,1
22326,1
143963,0
148872,1
164924,1
21601,1
132991,0
68376,0
113356,0
66155,0
52904,1
121208,0
168776,1
188699,1
97605,0
126666,1
191739,1
45487,0
89444,1
127640,0
178423,0
120806,0
173098,0
135718,0
188477,0
120807,0
39374,0
117503,0
58293,0
187653,0
101408,1
150166,0
39495,0
155119,0
80754,0
72241,0
165856,1
174276,1
162083,1
86639,0
72224,1
39498,0
39933,0
52778,1
55172,0
186329,1
139767,0
42367,0
91559,0
91755,0
124586,0
58237,1
176028,1
75970,1
90082,1
105086,0
62066,0
79090,0
54920,1
148844,0
69105,0
26975,1
148034,0
141182,0
112187,0
178425,0
81837,1
188089,0
32859,0
142905,0
191484,0
143623,0
167091,0
56545,1
32511,0
184237,0
162753,0
128938,1
184354,0
172460,0
157381,0
185225,0
125556,0
191667,1
147538,1
112760,0
55098,0
88408,1
49811,1
103559,0
75972,1
127304,0
93647,0
110688,0
46346,0
54523,1
48603,0
121292,1
55511,0
165112,0
150856,0
155288,1
120368,0
192150,1
174029,1
49799,1
47194,0
170023,0
164377,0
81872,0
95028,0
113438,1
149455,0
43819,0
57613,1
40971,0
74847,0
48651,0
54575,1
54207,0
127961,0
51662,0
104586,0
55115,1
72762,0
38580,0
18049,1
75702,0
89284,1
147263,0
147894,0
172938,0
38682,0
20787,0
113318,0
127437,0
22132,0
155213,0
137150,0
73254,0
157280,0
55516,0
38642,0
144070,0
162696,0
66988,0
45991,0
37799,0
61027,0
56512,1
157223,0
170247,0
66105,0
17139,0
44206,0
45992,1
18930,1
56371,0
104388,0
139094,0
60576,0
56294,0
90090,0
110740,0
72213,1
16765,1
128712,0
178825,0
194366,1
127231,0
54979,1
148326,0
165812,0
101885,1
120823,1
146866,0
148314,1
145538,0
57048,0
191745,0
150165,0
113352,0
168107,0
157392,0
162488,0
108403,0
86728,0
37928,0
146699,1
159436,1
53703,1
135879,1
126850,0
34267,0
126158,0
191298,0
157726,1
169559,0
126828,0
169286,0
108761,1
98454,0
177784,1
67899,0
145480,0
128010,1
76726,0
166260,0
184271,0
181071,0
169625,0
86929,0
157371,1
95694,0
184191,1
113351,1
82271,0
59136,0
164923,0
3191,1
155114,0
191920,0
104542,0
159989,0
113325,0
51037,0
42965,0
189844,0
155221,1
194304,0
32175,1
58403,0
168555,1
149041,0
77667,0
60585,0
103376,0
140198,1
55858,0
64208,0
113982,0
61237,0
155121,0
65247,0
49803,1
153545,0
47702,0
127340,0
194743,1
162558,1
127605,0
173866,1
46903,0
104936,0
88225,0
162684,0
108358,0
80315,0
165998,0
56369,0
20785,0
59450,1
164162,0
127610,0
73109,0
52879,1
96916,0
121887,1
143956,0
78797,1
1046,0
113324,0
15349,0
127376,0
156646,0
127635,0
189856,0
148101,0
32592,1
58557,0
94400,0
49410,1
190951,0
104575,1
38756,0
72261,0
156905,0
123125,0
56945,0
118768,0
2432,0
50054,0
25067,0
170260,0
191274,0
188465,0
99233,1
126334,0
187001,1
110694,0
122195,0
32587,1
131689,1
141174,0
83058,1
64100,0
156196,0
185131,0
146191,0
173183,0
144059,0
55171,1
81487,0
90088,0
145551,0
161879,0
69081,1
39672,1
123689,0
55660,0
111103,1
78492,0
69086,1
7321,0
32797,0
38274,0
72017,0
145482,0
156609,1
146858,0
186331,0
113576,1
146855,0
30838,0
18231,1
187656,0
121362,0
133494,1
113332,0
165285,0
17351,1
77669,0
42148,1
69528,1
146229,0
102867,0
82541,1
165281,0
164185,0
152985,0
59681,1
69760,0
63694,0
58647,0
103374,0
109377,0
191350,0
18230,1
75966,1
144069,0
100271,0
43822,0
66047,0
376,0
32165,0
69087,1
180160,0
79686,0
146359,0
113148,0
127633,0
63232,0
167400,1
190701,0
194868,0
192600,1
164811,1
106560,0
69311,0
110124,0
25907,0
160040,0
127207,0
48263,0
101389,1
194368,1
161607,0
31040,0
155287,1
29872,1
50055,0
62258,0
123303,0
124688,0
115415,0
2534,0
163327,0
164166,0
156666,1
72947,1
127275,0
107523,0
16007,0
127208,0
132175,0
169159,0
42140,1
64468,0
36321,0
42801,0
185129,0
155130,0
124693,0
155284,0
160897,0
102805,1
11701,0
76684,0
155015,0
155129,0
86936,0
100507,1
16992,0
15295,0
40723,0
76691,0
57735,0
58554,0
152039,0
113340,0
27154,0
173442,1
76191,0
15222,1
188170,0
181026,0
54639,1
155239,0
17511,0
44681,0
69079,1
169282,0
86957,0
20697,0
71050,1
38110,0
158753,0
162487,0
169562,1
87130,0
69095,1
169249,0
77749,0
192677,0
87940,0
124119,0
87617,0
179389,1
76903,0
129218,1
169231,0
126858,0
9219,0
74217,0
160540,0
86954,0
144075,0
66351,0
63733,0
90896,0
50586,0
101460,0
101458,1
187732,0
192290,0
108696,1
3189,0
171175,0
53699,1
59446,0
168083,0
160009,0
102864,0
154916,1
75977,0
182399,0
165265,0
113353,0
48503,0
112184,0
160534,0
131485,0
179506,1
71054,1
95255,1
109376,0
112199,1
127799,0
169534,0
40825,1
3186,1
170584,0
157863,1
115406,0
135661,0
34268,0
80316,0
92345,0
139981,0
17916,0
179355,0
104485,1
124484,1
195310,1
168791,0
17507,1
20018,0
191924,0
135504,0
17090,0
62028,1
126274,1
45987,0
71462,0
127260,0
68149,0
90857,0
80718,1
155199,0
111015,1
75703,0
140844,0
1934,0
46344,0
87616,0
144067,0
113329,0
187128,0
56927,0
151385,0
97589,0
102089,0
145473,0
2155,0
77244,1
50885,0
104585,0
69241,0
121223,0
105219,0
53938,0
169158,0
170565,0
63863,0
146346,0
136408,1
179504,1
56712,0
67829,0
164194,0
116230,1
121566,1
85365,0
21890,0
80709,0
17006,0
145092,1
162854,0
195221,1
188940,0
100275,0
59290,0
191916,0
194714,0
156619,1
16371,0
98860,1
195318,0
160041,0
158591,0
127726,0
52789,0
38694,0
38366,0
58388,0
135135,0
185118,0
169100,0
120780,0
2530,0
187009,0
113439,1
188781,1
76683,0
123224,0
76442,1
137078,0
132985,0
168968,0
155093,0
55174,0
71694,0
104484,1
130016,0
176049,0
173901,0
173998,0
7314,0
65342,0
127371,0
125072,0
9227,0
76371,0
169925,0
22950,0
39983,0
151808,0
62255,0
109371,0
111666,0
39919,0
139099,1
54941,0
167479,0
120147,1
94765,0
157650,0
15790,0
133670,0
50057,0
113387,0
158600,0
138466,0
126761,0
65330,0
71718,0
146712,1
184634,0
113330,0
60074,0
74922,0
141977,0
168052,0
93656,0
162741,0
53683,1
174860,0
94836,0
157913,0
70323,0
20011,1
170582,0
127628,0
123995,0
149049,0
94216,0
188031,0
148871,1
74471,0
171388,0
79267,0
184636,0
146275,1
127800,0
52419,0
181399,1
156191,0
188686,0
172768,0
87785,0
77469,0
107092,1
133094,0
56609,0
132145,0
126758,0
60687,0
125424,1
58858,0
147928,0
104539,0
99085,0
165385,0
102855,0
38223,0
44978,0
58272,0
70950,1
160039,0
50677,0
155095,0
48153,0
70954,1
193801,0
119500,0
187863,0
161192,0
144077,0
177861,0
56938,0
181401,0
51095,1
51022,0
160528,0
66592,0
121571,1
75401,1
157240,0
152907,0
153457,1
167374,1
64396,0
46228,0
3178,0
39446,0
146198,0
127639,0
161605,0
64471,0
112662,0
86734,0
185172,0
176105,1
157762,1
149977,0
71114,0
17080,0
68151,0
53590,1
118332,0
93661,0
155194,0
60638,0
52072,1
169099,0
172446,0
41301,1
36736,0
147933,0
80710,1
150854,1
155237,1
99232,1
38278,0
71863,0
38305,0
154911,0
46850,0
146847,0
160531,0
44534,1
145552,0
167804,1
159167,0
65929,1
21106,1
24944,0
69239,0
80705,1
105013,0
184202,1
119175,0
63723,0
169300,1
139100,0
192289,0
155217,0
157643,0
135488,1
40552,0
157380,0
155249,0
104429,1
69306,0
78500,0
140822,1
137880,1
121303,1
66598,0
120902,1
54801,1
20204,1
128740,0
162676,0
139964,0
17078,0
187658,1
25386,0
58558,1
101384,0
117407,1
147936,0
16994,1
56878,0
149250,0
117784,0
33446,1
187208,0
130869,0
168054,0
18929,1
160142,0
140075,0
178428,0
56950,0
194370,1
163454,0
89959,0
133085,0
96919,1
187829,1
3183,1
180159,0
87613,0
187135,0
150974,1
77779,0
187134,0
159438,0
162752,0
73222,1
87558,0
194713,0
118212,1
104937,1
104519,0
84541,0
159443,0
90339,0
65298,1
186335,0
111669,0
162180,1
140795,0
132363,0
157580,1
70956,0
78926,0
76273,0
24952,0
57799,1
159988,0
73370,0
32405,0
78501,0
39637,1
128370,0
44063,0
52298,1
13779,0
160013,1
68032,0
145486,0
7126,0
25823,0
70150,1
54951,1
100390,0
109140,0
192151,1
115871,1
45994,0
111003,0
95036,1
105232,0
157467,0
66371,0
25901,0
91758,0
95691,1
64186,0
146743,0
176090,1
108768,1
377,1
160564,0
103560,0
45477,0
23064,0
132933,0
15467,1
155243,1
154812,0
192297,0
17510,1
64123,0
126388,1
95946,0
113323,0
83905,1
45481,1
109375,0
113343,0
55116,1
25385,1
17356,1
148226,1
112757,1
73519,1
73359,0
50123,1
104543,0
33481,1
167304,0
38289,0
70953,1
102071,0
49142,1
146696,1
34193,0
164168,0
126272,1
38391,0
79089,0
111172,0
159512,0
192141,0
95552,1
108760,1
152662,1
146745,0
47230,0
36486,0
47229,0
67832,0
79088,0
117103,1
36056,0
122175,1
156143,0
71699,0
157391,0
90411,0
86958,0
76436,1
43713,0
82907,0
60179,0
61311,0
161893,0
189235,0
155132,0
140581,0
113454,1
89683,0
182530,0
128000,0
126448,0
157375,0
160011,1
87406,1
109086,0
127996,0
147602,0
149252,0
177139,0
34127,0
35053,1
104391,0
125228,0
130136,0
78799,0
40969,0
54883,0
126826,0
155212,0
167084,0
39932,0
89442,0
74244,1
95944,1
60075,0
63734,0
160038,0
56960,0
32493,0
156652,1
58269,0
138424,0
69339,0
120803,0
38591,0
153538,0
75070,0
107610,0
146200,0
68637,0
33395,1
73106,0
100276,1
49613,0
162733,0
52788,0
45637,0
107216,0
161896,0
169230,0
111174,0
155300,1
17853,0
63741,0
51034,0
187655,0
184207,1
145524,1
176594,0
126007,0
169637,0
111212,0
58559,1
102724,1
173337,1
157162,1
187473,1
56877,0
123899,1
73274,1
189509,1
97607,0
146846,0
65991,0
89961,1
43549,1
157193,1
177190,0
172767,0
25021,0
66597,0
122956,0
68034,0
58496,0
51632,0
137736,0
108357,0
123440,0
111171,0
69654,1
60575,0
43357,0
36865,1
130542,1
77747,0
27232,0
44125,0
62932,0
131111,0
138229,1
175904,0
113341,0
74383,0
190680,1
155202,0
54885,0
63740,0
52835,1
157897,1
59728,0
145530,0
111005,1
147958,1
184349,1
55494,0
65252,0
22160,0
195739,0
78648,1
64485,0
62277,1
26269,0
48653,0
87405,0
70952,0
126840,0
178022,0
114628,0
172451,0
36481,0
125423,1
58364,1
147931,0
72811,1
15469,1
145081,1
110990,1
62027,0
113997,0
145523,0
56410,1
78786,0
63730,0
101412,1
174644,0
161608,0
67883,0
52790,0
140707,1
48927,0
46874,0
122185,0
132983,0
113339,0
174026,1
95050,1
156127,0
124689,0
39894,1
192787,1
191090,0
94827,0
56747,0
50126,0
25579,0
46938,0
104483,1
176593,0
164169,0
158614,0
94411,0
107225,0
108356,0
21771,1
7993,0
146698,0
156042,0
126825,0
172449,1
44682,0
192152,1
164810,0
169620,0
165877,0
56416,0
63755,0
193480,0
64166,0
69963,0
157908,0
44977,0
35723,0
72937,0
62833,0
24718,0
132987,0
71342,0
75071,0
73495,0
100250,1
141859,0
32330,1
69236,0
90353,0
161883,0
105270,0
71761,0
89441,1
64165,0
86961,0
157369,1
79120,0
7888,0
20207,1
86731,0
65340,0
160566,0
184230,0
160569,1
125070,0
94763,0
89685,0
188471,0
143964,0
189810,0
145777,0
38237,0
114629,0
86768,0
73418,0
165279,1
51413,0
38290,0
127294,0
1044,0
53690,1
113338,0
14522,0
113486,0
158434,0
95533,0
22350,0
44250,0
160519,0
176242,0
36479,0
54197,0
128005,0
50933,0
66620,0
149254,0
22424,1
123225,1
54161,1
63729,1
107223,0
69874,0
115870,1
152778,0
125227,0
73273,0
160532,0
38692,0
177137,0
125740,0
187079,0
168074,0
124690,0
141378,0
119160,1
17505,1
88572,0
38885,0
153486,0
72265,1
110646,1
140044,0
139095,0
112250,0
121220,0
49853,0
78804,1
146710,1
102077,0
64464,0
178424,1
52075,1
104430,1
72219,0
51693,1
110118,1
143961,0
14387,0
125204,0
93345,0
36487,0
80685,1
61606,1
103589,0
87952,0
173890,0
167434,1
99451,0
94636,0
48159,0
95858,1
74926,0
61602,0
54196,1
25945,1
111000,0
101411,1
87128,0
182314,1
133818,0
102114,1
64170,0
82694,0
66955,1
67196,0
88578,0
54956,0
194844,0
155248,1
78096,0
17913,0
133096,0
68150,0
39986,0
169352,0
184196,1
165342,0
127247,0
92819,0
43694,0
178485,1
24943,0
53581,0
140818,0
101316,0
81863,1
54942,0
54856,0
33772,0
11682,1
73386,1
127246,0
66154,0
164180,1
15541,1
120905,1
127317,1
124489,0
133093,0
91757,0
69947,1
39930,0
54900,0
90412,1
113442,1
18757,0
95948,0
127890,1
90297,0
48398,1
146857,0
141161,0
157600,0
161579,0
157305,0
162127,0
67771,0
38683,0
65331,0
159435,0
115872,0
42804,0
159171,0
134077,1
43620,0
38938,0
161618,0
57047,0
42814,0
25524,0
64395,0
64192,0
138434,0
43824,0
97587,1
47353,0
130151,1
78097,1
127522,0
150946,0
106559,0
18905,0
90360,0
128616,0
42194,0
157648,0
19257,1
76084,1
190606,0
63735,0
184818,1
124675,0
147946,0
76236,0
20191,0
46349,0
36739,0
66758,0
80713,0
126157,1
134968,0
128940,0
161278,0
39731,0
51492,0
74467,0
74823,0
171746,0
166894,0
36759,0
49140,1
113436,1
159439,0
127346,0
119501,1
56418,0
52077,0
143294,0
93055,0
49252,0
56511,1
155232,1
62276,1
41180,0
52871,0
61180,0
139988,0
76437,1
73253,0
41502,0
156415,0
29650,0
74479,0
91270,1
130076,0
133083,0
1051,1
112202,1
99231,1
42366,0
69242,0
71376,1
76322,0
146197,0
92821,0
173445,1
140346,0
55107,0
16784,0
32588,1
55168,0
169576,0
137151,0
165019,0
55114,0
133747,0
152548,0
94835,0
173900,0
43724,0
137072,1
186771,1
156594,0
15223,1
53493,0
28808,0
44187,0
55374,0
72015,0
59200,0
78390,0
133095,0
127617,0
62057,0
54918,1
164875,1
78650,1
11695,0
161927,0
31225,0
55440,0
31250,1
74216,0
105026,0
118899,1
187210,0
127379,1
158595,0
172520,0
113349,0
11699,0
39982,0
156147,0
45906,1
31677,1
111201,0
156946,0
8060,1
43714,0
146194,0
70326,0
157511,0
21683,0
176089,0
160016,0
58238,0
186944,0
146868,1
184228,0
28314,0
175965,0
126039,0
62488,0
127229,0
93648,0
24054,0
43114,0
49768,0
120830,1
157911,0
164375,0
7313,0
35058,0
66737,0
115413,0
16673,0
106239,0
171305,0
140720,0
98852,0
169926,0
78389,1
124491,1
190653,0
60134,0
28464,0
112398,0
127244,0
28167,0
25903,0
51024,1
2532,0
54540,0
173906,0
146861,0
63846,1
64189,0
127307,0
42540,0
81272,0
57065,0
118583,0
77647,0
185140,0
71754,1
55510,0
63354,0
61238,0
174469,0
127719,0
23454,0
2529,0
118898,1
52874,0
130015,0
73211,1
86755,0
33314,0
17091,0
112188,0
182696,1
188252,1
56361,0
109089,0
20692,0
54045,1
141978,0
56546,1
108767,1
73277,0
101455,1
104505,1
151830,0
147942,0
128104,0
171005,0
145553,0
85423,0
162719,0
191747,0
22518,0
173841,1
127620,0
64167,0
25580,0
118741,0
141992,0
66104,0
195071,0
52407,1
122328,0
127796,0
115414,1
127266,0
19938,0
138235,0
127590,0
54162,0
96657,0
162230,1
156037,0
41487,0
61048,1
68395,0
144343,1
87408,0
139104,1
189180,1
58157,0
161816,1
167518,1
95625,0
80776,0
79706,0
192599,0
132362,0
124485,1
185198,0
124674,0
90344,0
117501,0
187005,1
105080,1
52046,0
31526,0
93450,0
56874,1
161583,0
88575,0
59726,1
115351,0
30787,0
89438,0
180050,0
80703,1
54539,0
121569,0
143285,0
17156,0
113322,0
155233,1
127308,0
165386,0
75300,0
125211,0
130874,1
55177,0
184659,0
43890,0
115521,0
48568,0
114522,1
12727,0
71241,0
131980,0
117147,0
109091,0
97606,0
59043,1
41719,0
174496,0
76714,0
113333,0
102857,0
191927,0
127264,0
140712,0
21107,1
96920,0
135877,0
62241,0
175296,1
127309,0
73081,0
81209,0
111028,1
124683,0
52043,0
181362,0
38296,1
164385,1
140816,0
155127,0
160014,1
127611,0
117408,1
187657,0
147926,0
44882,0
158596,0
127563,0
126156,0
111001,0
120325,1
154976,1
188494,0
38109,1
41362,0
33391,0
161890,0
113326,0
127839,0
140503,1
143299,0
75223,0
72559,0
147924,0
46084,0
73107,0
128239,0
112589,0
150873,1
128917,0
57031,0
32492,0
164929,0
76367,0
11690,0
128939,1
40700,0
181929,0
124680,0
61637,0
152546,1
41190,0
168895,0
190734,0
169575,0
161621,0
34094,0
157469,0
74945,1
57604,0
177301,0
156043,0
171040,0
56910,0
162562,1
18042,0
153500,1
139768,0
65882,1
45480,1
147948,0
60081,0
172314,0
55729,0
140043,0
164206,0
73188,1
25590,0
167364,0
19999,1
164903,0
90357,0
164373,0
44123,0
157474,0
127841,0
20017,0
106558,1
107612,0
16995,0
169152,0
57027,0
169181,0
136605,0
178023,0
169763,0
51688,0
59963,0
131712,0
29606,0
148327,0
58273,0
185132,0
17092,0
46236,1
126186,1
40830,1
155097,0
48989,0
171608,0
95254,0
194673,1
25381,0
184638,0
165287,0
91993,0
48157,0
137737,1
127436,0
187832,0
115408,0
64164,0
165170,0
160529,0
158746,1
104428,1
166330,0
186340,0
157644,0
54538,1
33394,1
11505,0
55512,0
40835,1
162690,0
155208,0
126856,0
192863,0
49662,0
132836,0
15293,0
161928,0
159695,0
73518,0
121553,1
166203,0
177610,1
127296,1
21435,0
149186,0
73103,0
147947,0
109152,0
22437,0
63248,0
195198,1
104488,0
28204,0
99450,0
104584,0
127272,0
86643,0
111037,1
140703,1
91973,1
14313,0
127184,0
77665,0
12728,0
64163,0
124588,0
17508,1
125118,0
146848,0
98212,0
54525,1
77463,0
55509,0
3185,1
161681,0
191429,0
39975,0
165289,0
159170,0
60051,0
17076,0
19913,0
86642,0
167061,0
170482,0
75299,0
137968,0
52185,1
104608,1
118419,0
36628,0
140845,0
127241,0
98154,1
121221,0
47703,0
157397,0
148355,0
114492,0
65677,0
158601,0
188825,1
127289,0
26906,0
39979,0
132980,0
39671,1
55113,0
40829,1
72013,0
171019,0
146211,0
75095,0
89960,0
156036,0
162818,0
124098,1
127375,0
42542,0
147934,0
57609,1
34197,1
179344,1
63725,0
86648,0
134068,0
117150,0
94914,1
74845,0
145472,0
38283,1
64149,0
66415,1
73276,0
145490,0
34112,1
74943,1
59492,1
192525,0
63718,0
127359,0
159493,0
184220,0
82807,0
149011,1
132048,0
162223,0
90358,0
62256,1
99229,1
116221,1
98192,0
125073,0
70306,1
71706,1
66053,0
145546,0
127382,0
38585,0
127626,0
180025,0
191925,0
137893,0
135579,1
172883,0
45995,0
39653,1
55019,0
45436,0
99453,1
156673,0
17852,0
44626,1
108759,1
172649,0
36344,1
371,0
55508,0
61630,0
28287,1
116220,1
36485,0
130135,0
161880,0
90298,0
56370,0
127261,0
89111,0
185133,0
85161,0
62679,0
141166,0
54902,0
76448,0
38883,0
189237,0
19797,0
102113,0
150189,1
174043,0
165996,0
61517,0
57777,0
103352,0
127729,0
48519,0
182525,0
190683,0
100860,1
107212,0
95695,0
186860,1
146274,0
38643,0
126544,0
133471,0
118788,0
182800,0
38275,1
157862,0
72220,0
58173,0
32490,0
28221,1
21684,0
117891,0
72005,0
86767,0
148228,0
38647,0
32550,1
39651,1
151816,0
132934,0
44088,0
144018,0
63585,0
20381,0
110920,1
42116,0
164188,0
98452,1
147673,0
155220,1
16993,0
72516,0
17057,0
149083,0
128703,0
56963,0
168693,0
188508,0
56519,0
176966,1
71120,0
24025,0
20788,0
174021,0
50913,1
72234,1
104482,1
72268,1
74242,1
123143,1
86752,1
162736,1
76449,0
169255,0
167359,0
124686,0
2519,0
17352,1
104506,1
59006,0
58230,1
179501,1
65339,0
63724,0
126838,0
127631,0
126827,0
92825,0
114462,0
3177,0
96933,1
94149,1
51681,0
114625,0
57051,0
161678,0
127293,0
11687,0
151255,0
57960,1
93344,0
3180,1
36052,1
188822,0
86645,0
15851,0
77786,0
191740,0
105269,1
51689,1
111948,0
176087,0
77310,0
169561,1
108762,1
89724,0
40133,0
57068,0
162666,0
106849,1
148942,1
64198,0
191517,0
48397,1
90405,0
38112,0
58365,0
41313,0
140830,0
140704,1
23019,0
24023,0
52102,0
58501,0
159329,1
127518,0
111178,0
38291,0
145550,1
133745,0
169234,0
110380,0
175528,0
152584,0
121110,0
179335,1
73182,0
75969,1
185240,0
170796,0
44431,1
127517,0
64830,0
57605,0
125742,0
60133,0
117498,1
88568,0
120383,1
184221,0
189849,0
63803,0
55108,0
94407,0
55009,1
168697,0
188707,1
130875,0
41364,0
102847,0
79702,0
86772,0
54034,0
131129,0
94413,0
155181,0
122187,0
128572,0
160361,1
83105,0
157830,0
167104,0
111403,0
72696,1
144914,0
54488,1
170599,0
34266,0
111012,1
23025,0
171182,0
191288,0
124600,0
79275,0
104628,0
177645,0
156041,0
130586,0
59314,0
86647,0
157767,1
73508,0
67833,0
99159,1
56953,0
134970,0
61026,0
162685,0
16989,0
58271,0
94401,0
50852,0
172166,1
126854,0
15287,0
156940,0
95842,0
83106,0
157828,0
143284,1
127133,0
169924,0
75099,0
80397,1
102079,0
42813,0
127295,0
61640,0
131981,0
113348,0
127673,1
169038,1
38389,0
64173,0
50122,0
155379,0
38641,0
45986,0
64201,0
149931,0
118743,0
76372,0
28776,1
91753,0
183162,0
102094,0
164876,1
155120,0
192648,1
58405,0
76098,0
58510,0
89681,1
157611,0
185139,0
72843,1
160010,0
22519,0
64142,0
149341,0
72812,0
56552,1
23024,0
26905,0
187776,0
79274,0
63719,0
178908,0
32491,0
127172,0
162648,1
72515,0
111183,0
149079,0
42797,0
188171,0
189852,1
18043,1
169283,0
70983,0
166221,0
75092,0
105274,0
136540,0
11694,0
86262,0
134889,0
147944,0
14529,1
61181,0
168897,0
160523,0
95035,1
65674,0
124681,0
127171,0
44110,1
138465,0
56908,0
151384,0
91554,0
72227,0
156146,0
164172,1
36044,0
127998,0
6108,0
15472,0
57581,0
81484,0
157714,0
58948,0
19423,1
107214,0
18525,0
81430,0
114640,0
97387,0
88226,0
46351,0
69084,0
184216,1
108903,1
111176,0
22721,0
98633,0
179390,0
179601,0
161933,1
86638,0
110915,0
51691,1
169094,0
38887,0
33196,1
47651,0
73618,1
15352,0
180617,0
82267,0
179047,0
103073,1
15652,0
126831,0
162224,0
76082,1
73356,0
122065,0
82268,0
20714,0
52791,0
30414,0
46345,0
50061,0
104014,1
157711,0
31169,0
60119,1
170000,0
192592,0
176965,1
86764,0
109087,0
42284,0
65746,1
34165,1
109157,0
184448,0
19029,1
104427,1
157678,1
18228,1
127299,0
160539,0
148265,0
58231,1
57583,0
186518,0
94796,1
132852,0
191295,0
188704,1
77788,0
50049,0
81058,0
78497,0
15459,1
57028,0
71696,0
40974,0
41302,0
166816,0
156608,1
94412,0
22133,1
157652,0
57046,0
47051,1
38111,0
69315,0
126917,1
121570,0
14853,0
18765,1
47704,0
191743,1
17054,0
93657,0
164927,1
190682,0
115411,0
127802,0
192149,0
72228,0
65332,0
150364,0
121357,0
152938,0
65995,0
146867,0
55495,0
16629,0
91909,1
81873,0
171406,0
184148,0
93663,0
139769,0
186999,1
80317,0
184635,0
63926,0
193889,0
89062,1
95234,0
141160,0
137837,0
73114,0
110379,0
14527,0
123126,1
157599,0
157311,1
65269,0
53695,1
108404,0
38882,0
55515,0
39984,0
125813,1
32496,0
124700,0
23257,0
91448,0
113147,0
108777,1
111034,1
15290,0
105236,1
44397,1
101454,1
70095,0
141168,0
187662,0
63738,0
140819,0
134988,0
156906,0
38977,1
75167,1
160005,0
162103,0
147240,0
86928,0
74480,0
150337,0
176136,1
165120,0
66593,0
56939,0
28250,0
25523,1
168051,0
55377,0
166661,0
93074,1
145528,0
126164,0
57045,0
66093,1
50422,0
29522,0
96656,0
191923,0
107213,0
1042,0
92826,0
81153,0
51730,0
95957,0
42541,0
161972,0
114621,1
151383,0
52191,1
20020,1
131134,1
162711,0
20001,0
34180,1
127512,0
63924,0
15598,1
82908,1
124676,0
118331,0
173907,0
168050,0
120482,0
50679,0
140799,1
23294,0
43779,1
143305,0
54818,0
162683,0
55659,0
65888,1
157468,0
176786,1
49806,1
17079,0
73258,0
39974,0
126163,1
42195,0
99198,1
101413,1
159543,0
104205,1
194224,0
146835,0
66472,0
149077,0
182524,1
101422,1
60085,0
164694,0
94638,0
38393,0
127363,0
48412,0
184821,1
75968,1
148410,0
156524,0
157312,1
171187,0
48154,0
179360,0
171008,0
182397,0
158602,0
127349,0
73101,0
87949,0
138040,1
111090,1
72008,0
174776,0
188687,0
33256,1
74264,0
40551,0
38579,0
102088,1
69093,0
193481,1
90161,1
157284,0
191201,0
190694,0
44052,0
40175,0
120948,1
23040,0
187660,1
174030,0
36602,0
98738,0
69529,1
106724,0
91986,0
77654,0
21891,0
21704,0
41854,0
176281,1
179351,0
155207,0
53797,0
26959,1
117647,0
38304,1
188473,0
34681,0
54949,0
155096,0
131107,0
32495,0
12703,0
72007,0
135720,0
78808,1
38892,0
102244,0
66096,0
169135,1
36734,1
141181,0
86931,0
56565,1
56508,0
7886,0
95030,0
146201,0
41321,0
38224,0
33722,1
101457,1
43723,1
56934,0
140791,0
65338,0
71047,1
127280,0
190699,0
184232,0
56292,1
193885,0
127194,0
80078,1
102091,0
17004,0
44535,0
96655,0
126946,0
46343,0
71864,1
191914,0
39732,0
187133,0
181927,0
53580,0
155242,1
73748,0
66156,0
104655,0
134973,0
42915,1
155125,1
65250,1
60974,0
128702,0
70947,0
65358,0
47254,0
75628,0
107226,0
131919,1
69083,0
95699,1
69761,1
160570,1
194676,0
89291,0
80785,0
172441,0
78803,0
60586,1
119173,0
72230,1
63277,0
185128,0
50378,1
59246,0
15653,0
135719,0
72512,1
102076,1
137077,1
105087,0
18806,0
104633,0
17515,0
144164,1
187004,0
163434,0
102854,1
37739,1
101238,1
18047,1
187934,0
127634,0
58500,0
46226,0
151599,1
39965,0
155206,0
164167,0
140034,0
18229,0
72266,1
159172,1
93645,0
158609,0
23574,0
179505,1
72839,0
131237,0
15473,0
100181,0
62489,0
97380,0
131112,0
193032,1
147639,1
118738,0
132176,0
51213,1
69965,0
145554,0
77918,0
64122,0
161980,1
45435,0
123718,0
23256,0
72805,0
86940,0
59448,0
56166,0
191518,0
189845,0
161231,0
12710,0
59180,1
141163,0
78499,0
75272,0
97659,1
191091,0
58555,0
126866,0
37231,1
176282,0
145083,0
150193,0
78796,1
25379,0
111011,1
31972,0
168058,0
54754,0
91289,0
55173,0
20786,0
150436,1
11700,0
44322,0
118330,0
186316,0
9236,0
184208,1
111021,1
108359,0
167361,0
127250,0
115701,0
109101,0
162706,0
115417,0
63274,0
61077,0
99002,1
44049,0
15351,0
167896,0
172521,0
172593,0
137235,0
111002,0
161610,0
140826,0
178652,0
156414,0
168772,0
155265,1
172780,1
38881,0
7541,0
155143,0
107215,0
43823,0
48604,0
102868,1
120374,0
138238,0
65279,0
145526,0
157376,0
78664,0
17055,0
191450,0
80486,0
185152,0
150168,0
65353,0
38395,0
66631,0
172448,0
188173,0
158594,1
191015,1
180541,0
56929,0
104843,0
107577,0
56962,0
16009,0
11683,0
111026,1
93339,0
166481,0
177437,1
9221,0
117146,1
106557,0
31973,0
135483,0
192382,0
74946,1
78649,0
68379,0
132031,0
155280,1
62281,1
157514,0
101410,1
84539,0
157341,0
61662,0
155195,0
107520,0
17851,1
46805,1
75271,0
161889,0
168774,0
118660,1
161129,0
65889,0
54545,1
173916,0
22953,0
32245,0
67828,0
193347,0
111032,1
65255,0
95531,1
160518,0
121355,0
34329,0
80755,1
151195,0
104538,0
40823,1
118585,0
48678,0
21842,1
162722,0
155182,0
157579,0
71048,1
66643,0
147013,0
184277,0
80318,1
96954,1
76438,1
185150,0
172872,0
148143,1
38589,0
135123,1
148813,0
157912,0
176132,0
42191,0
15528,0
52114,0
176025,0
81271,1
165284,0
32746,1
132905,0
14523,0
86955,0
72214,1
99160,0
157595,0
157909,0
62021,0
122789,0
48417,1
174645,0
34346,0
109374,0
168810,0
137156,0
17546,0
57924,0
77656,0
30307,0
131254,0
73105,0
155264,0
189508,1
129775,1
157854,0
191296,0
171015,0
147951,0
146203,0
155204,0
110687,0
155719,1
127434,0
54357,0
37908,0
111949,0
17083,0
69006,1
90407,0
151382,0
90844,0
158627,0
111737,0
188812,1
135717,0
25588,0
111022,1
127209,0
63748,0
143293,0
107209,0
98470,1
42099,0
132994,0
184215,1
104603,0
52044,1
67280,0
61396,0
74474,0
127514,0
194848,0
88574,0
144891,0
178427,0
55109,0
78656,0
61581,0
191092,0
160524,0
117807,0
61182,0
133669,0
165749,0
31581,1
65328,0
185795,0
57061,0
173411,0
121770,0
50914,0
33390,0
1045,0
145273,0
101409,1
76083,1
76434,1
59198,0
107607,0
61987,0
59729,0
30033,0
180532,0
112761,0
29512,0
71116,0
65944,0
113344,0
87376,0
53786,0
139096,0
95537,1
82540,0
137115,0
148643,1
110575,1
117178,1
168674,0
146914,0
68147,1
135046,1
24797,1
104933,1
165339,1
172630,0
55111,1
22327,1
165288,0
127191,1
118582,0
63706,0
55442,0
80783,0
159441,0
58553,0
26270,0
164191,1
105360,0
195409,0
103561,0
157646,0
187127,0
84909,0
145519,0
127192,0
156653,0
127298,0
14385,0
124673,0
78791,0
72546,1
145520,0
14314,0
25525,0
31266,0
40954,0
72269,0
93640,1
86733,0
159987,0
21156,0
113335,0
69005,0
73355,0
44066,0
20693,0
69960,1
174035,0
108605,0
185552,0
104,0
135834,1
155200,0
155241,0
56520,0
148877,1
131133,1
63746,1
171823,0
39650,0
70949,0
32571,0
50915,0
127838,0
45993,0
55099,0
62036,0
128115,0
18803,0
54802,1
104998,0
50495,1
90361,0
42217,0
76884,0
164925,0
77460,0
109153,0
132984,0
1050,1
38590,0
66432,0
192653,1
191349,0
63720,0
7994,0
39976,0
157642,0
11702,0
165280,0
155192,0
48418,1
53428,1
117650,0
121302,1
61465,0
52873,0
157598,1
187131,0
159440,0
145555,0
54046,1
122067,0
65472,1
11732,1
155279,0
101320,0
147939,0
190526,1
69871,0
190958,1
157768,1
54188,0
88573,1
32310,0
9235,1
127233,0
56937,0
185902,0
96183,1
127273,0
155747,1
52189,0
165113,0
177957,0
116845,0
63707,0
57032,0
42216,0
54858,0
75855,0
144029,1
17002,1
184219,0
192766,1
15466,0
128615,0
175603,0
127798,0
184749,1
169077,1
189830,0
113347,0
155247,0
155439,1
138239,0
150948,0
158607,0
42802,0
125557,0
70307,0
21321,0
177605,1
130865,0
47886,0
194674,0
95714,1
116663,1
80485,0
46069,0
193799,1
115407,0
94408,0
150865,1
92902,1
81862,1
65354,0
113358,0
17003,0
121360,0
176096,0
161812,0
2526,0
39941,0
176181,0
169096,0
146711,1
127616,0
80784,0
86770,0
15849,1
64197,0
1056,0
124682,0
57052,0
74517,0
161686,0
62891,0
71709,1
72212,0
24796,0
168900,0
140827,0
40827,1
189811,0
155227,1
78789,1
32407,1
104804,0
167863,0
70327,0
145485,0
54578,1
116090,0
69007,0
56170,1
137738,0
143306,0
35129,1
186416,0
84688,0
86739,0
151598,1
106289,0
133084,0
131113,0
121567,0
107518,0
89067,0
39925,0
164179,0
146692,0
23750,0
31253,1
153503,1
1054,1
146708,0
56415,0
173190,0
171477,0
100843,0
164171,0
58497,0
144153,0
40836,1
81462,0
39673,1
107639,0
35289,0
175141,0
121573,0
169560,1
155292,1
38562,1
7991,0
162731,0
22862,0
161017,0
108959,0
15424,0
23017,0
81465,0
155641,0
132936,0
119125,0
42815,0
162750,0
66011,0
28166,0
155295,0
94633,0
141110,1
31155,0
155297,0
125561,0
110121,1
162713,0
190695,0
160520,1
56136,0
149925,0
91232,0
23192,0
105323,0
125239,0
36093,0
127625,0
11485,1
127445,1
95548,0
67685,1
52184,1
152804,0
156149,0
146212,0
25209,0
22384,1
89488,1
113578,1
176595,0
112759,1
174590,0
176251,0
130148,0
160517,0
155146,0
25382,0
55094,0
71700,1
45479,1
31251,1
133472,1
127274,0
70324,0
43710,0
116265,1
99199,1
121955,0
190970,0
54944,1
22109,0
86941,0
11688,0
83059,0
162691,0
171004,0
36480,0
153567,0
127236,0
95943,1
41741,0
115412,0
61986,0
180749,0
167365,0
127358,0
179356,0
135942,0
28252,0
73514,1
17349,1
90348,0
161609,0
161640,1
52755,0
95820,1
155240,1
44570,1
127443,0
87939,0
127999,0
99452,1
61603,1
184270,0
27073,0
69964,0
184229,0
40826,1
15659,0
187122,0
181292,0
41742,1
157195,1
157769,1
154917,1
33827,1
22521,0
153553,0
130485,0
102559,1
142011,0
44053,0
65267,0
124486,1
31816,1
54524,1
18038,1
99224,1
64190,0
191277,0
186337,0
72267,1
98329,0
100277,0
164205,0
63220,1
128704,0
72756,0
72226,0
173891,0
148461,0
44277,0
171478,0
184212,0
127801,0
79562,0
118858,1
184639,0
111664,0
118333,0
56404,0
46190,0
155112,0
182049,1
62031,0
155383,0
77750,0
155396,0
133097,1
44225,0
185525,1
76285,0
56640,1
80714,1
101322,0
42101,0
134980,0
172636,0
63732,0
171241,0
54805,1
24967,1
117817,1
55118,0
24966,0
170564,1
58560,0
184731,0
98703,1
58834,0
112291,0
177887,0
108042,0
80757,0
178426,0
147678,0
146852,0
158611,0
189517,1
91761,0
65454,0
62683,0
42798,0
187701,1
64415,0
104650,1
147943,0
26267,0
45905,1
145043,0
69092,1
127170,0
56952,0
160910,0
34618,1
17134,0
161584,1
48416,0
55723,0
189846,1
177189,0
42051,0
154735,0
150534,0
127263,0
81464,0
62856,0
87941,0
150167,0
55379,0
149743,1
13792,0
36483,0
179388,0
156938,1
34111,1
165211,0
138014,0
86964,0
46238,0
63716,1
50056,0
41740,0
47885,0
39980,0
26904,0
120384,0
119003,1
100274,0
113327,0
18802,0
101318,0
111006,1
47468,0
190528,0
75254,0
141175,0
191917,0
65537,0
161922,0
64168,0
130479,0
93337,0
162734,0
90343,1
62509,1
95551,1
13775,0
133474,0
135446,0
167033,0
100,1
145545,0
55239,0
20782,0
56610,0
102861,0
149326,0
121579,1
70946,0
78781,0
147932,0
34196,1
54374,1
73205,0
64205,0
57611,1
111184,0
58498,0
195311,1
111668,0
77919,0
177891,0
171513,1
141596,0
54901,0
64144,1
58236,0
20206,0
175604,0
56169,0
56572,0
15292,0
147241,0
59196,0
77789,0
127997,0
104393,1
86930,0
64544,1
61184,0
177240,1
155298,0
118136,0
181868,0
71119,0
73367,0
140802,0
144076,0
137894,0
67261,0
87615,0
60052,0
47470,0
165580,1
107609,0
58270,0
110122,0
106848,0
150161,0
169091,0
131252,1
28253,0
128003,0
160908,0
52646,1
57608,1
173446,0
124685,0
30207,0
120123,0
64120,0
179606,0
94402,0
59005,0
94831,0
75625,0
38287,0
39010,0
182543,1
140820,0
53451,1
58266,0
171195,0
118133,0
91543,0
86927,0
64310,0
75249,0
2520,0
90085,0
110987,1
104756,1
96922,0
17912,0
160575,1
191928,0
109484,0
55514,0
38879,0
141144,0
2527,0
157398,0
87521,0
192353,0
173131,0
127195,1
155290,1
185141,0
86637,0
176243,0
53383,0
95821,1
182740,1
95088,0
52834,1
195529,0
30324,0
155262,1
38558,1
77658,0
121762,0
156826,1
52872,0
120125,0
17854,0
173903,1
74944,1
66033,1
185148,0
18766,0
109092,0
22516,0
56639,0
120226,1
23131,1
102936,1
63749,0
174495,0
91756,0
123399,0
55091,0
127438,1
73126,0
133087,0
83986,0
135537,0
124494,1
93649,0
160521,0
57607,0
127433,0
191746,0
40824,1
139328,0
128372,0
40832,1
29639,0
41720,1
43709,0
79272,0
89440,1
173194,0
195487,0
148879,1
139097,0
55093,0
85363,0
127278,0
189822,0
195290,0
173195,0
35486,1
187010,1
145479,0
1748,0
56133,0
146993,0
55513,0
91237,0
146690,0
69094,0
155230,0
161929,0
26272,0
124678,0
95545,1
104606,0
151777,0
16372,0
135835,1
189868,1
96931,0
128044,0
45482,0
86751,1
180744,0
162662,0
93662,0
189823,0
89689,0
72933,1
73616,1
121377,0
184356,0
73102,0
127632,0
127836,0
149930,0
82024,0
155215,0
11703,0
111091,1
165166,0
20049,0
95051,0
74939,1
53394,1
113328,0
102871,0
54579,1
96346,0
127341,0
24948,0
111084,1
151388,1
79273,0
189855,1
44529,1
140794,0
155098,0
192092,1
78665,0
79703,0
82808,0
48972,0
69099,0
178828,0
94403,0
76443,1
78925,0
125247,0
15689,0
102083,0
111029,1
51384,1
149976,1
19492,1
91402,1
18807,0
77914,0
118592,1
67885,0
53377,0
160015,1
127245,0
156945,1
134700,0
128050,0
52777,0
135471,0
24947,0
22515,0
168775,0
189696,0
46085,0
56928,0
193761,0
125736,0
17135,0
146714,0
95945,0
145045,1
79687,0
33695,0
56959,0
155226,1
96956,1
101338,0
188816,1
21889,0
38288,0
44207,1
96180,1
73516,0
80313,0
86956,0
193592,0
22387,0
146715,1
126834,0
78806,0
155293,0
54813,0
140801,0
93652,0
56611,1
160572,1
79266,0
111180,0
155251,0
11684,0
13774,0
180543,0
141991,0
136475,0
124181,0
180174,0
127303,0
15651,0
1931,0
16646,1
1053,0
65675,0
61639,0
72006,0
52404,0
17970,1
146702,1
161642,1
170371,0
150162,0
96959,1
187611,0
87127,0
145539,0
176963,1
158610,0
89676,0
187006,1
74319,1
180235,1
140790,0
68063,0
46534,0
21091,1
81879,0
127193,0
127237,0
194801,0
154920,1
102245,1
60086,0
110160,0
175143,0
126853,0
158743,0
65813,1
104875,0
127624,0
17859,0
144512,0
86966,0
48158,0
60588,1
82396,0
86762,0
73104,0
155123,0
53613,1
155218,0
143960,0
112397,1
121212,0
71914,0
140039,0
46851,1
103563,0
93660,0
155224,0
69243,0
113600,0
38592,1
179046,0
136616,1
77462,0
111181,0
73539,1
171016,1
70804,0
126106,1
65672,0
54532,1
41320,0
146870,1
159513,0
174040,0
155228,0
53484,1
55097,0
145223,0
54194,0
378,1
78514,1
95089,0
168811,0
40831,1
144078,0
64490,0
131114,0
162332,0
162665,0
100389,0
86967,0
63105,0
56907,1
14526,0
91231,0
86771,0
132111,0
155223,0
32401,0
105311,0
28251,0
99157,0
2528,0
194490,0
69870,0
140846,0
22423,0
184950,0
120587,1
189268,0
69089,0
55251,1
150976,0
54817,0
77790,0
81871,0
11697,0
131106,0
146691,0
82904,0
182531,0
127314,0
160000,0
163264,0
95960,0
20291,1
159164,0
127132,1
151550,1
157404,1
184278,1
46231,0
56636,0
146325,0
109082,0
113581,1
107611,0
63722,0
62064,0
81765,1
160536,0
113383,1
162667,0
345,0
161519,0
172453,0
45478,0
61635,0
25378,0
146697,0
127353,1
111393,0
40550,0
103651,0
126332,0
109115,0
39375,1
110161,0
165997,0
146709,0
121363,1
81908,1
59444,0
158592,0
64172,0
99237,0
111104,1
29636,0
91754,0
52878,1
114623,0
147927,0
69096,1
146750,0
187731,0
56165,1
54899,0
127672,1
132993,0
125875,0
57056,0
96757,0
111051,0
130968,0
188174,0
153572,0
17347,1
42199,0
133473,0
113331,0
184209,0
34348,1
133879,0
16835,1
58265,0
121262,1
55583,1
44205,0
155222,1
177866,0
69107,0
113219,1
73387,1
68613,0
169280,0
66016,1
65993,0
155128,0
12708,0
167154,0
79269,0
90170,0
184192,0
44320,1
155180,0
127284,0
161619,0
90420,0
1055,1
173889,1
141180,0
155234,0
39934,0
74475,0
78529,0
156034,0
105271,0
87943,0
44065,0
176252,0
38582,0
187367,0
72518,0
34126,0
111102,1
127373,0
124677,0
127178,0
161026,0
157475,0
124721,0
89962,0
127372,0
170465,0
167063,0
160530,0
150889,1
30679,0
68471,0
127390,0
155291,1
59465,0
111096,1
51493,0
64194,0
24003,0
44188,0
151776,0
184205,1
130088,0
100278,0
30475,0
186339,1
48155,0
134888,0
154919,1
160242,1
187007,0
128573,0
21421,0
30372,0
86644,0
55096,0
122189,0
102090,0
131239,0
122766,1
187090,0
75953,0
3190,1
93665,0
180173,0
104634,0
137740,0
78094,0
73509,1
84542,1
9228,0
188706,1
139986,0
73408,0
53382,1
58172,1
57324,0
69097,1
121368,0
46308,0
178219,0
30322,0
190697,0
44171,0
166259,0
56550,1
162159,0
110917,1
137720,0
82171,0
108772,1
120380,1
98646,1
69532,1
155197,0
146849,0
41181,0
64121,1
77784,0
40110,0
77657,0
127435,0
194843,0
146217,0
126861,0
40822,1
70957,0
180018,0
140623,1
164175,1
76819,0
126855,0
69312,0
130685,0
44710,0
127521,0
113469,0
76433,0
99082,0
64207,0
15542,1
34128,0
121524,0
75962,0
143954,0
63864,0
132989,0
64159,0
36478,0
56277,0
54940,0
60757,0
122997,1
186341,0
91749,0
155269,1
148878,1
63584,0
93650,0
62061,0
17860,0
193800,1
151561,1
192352,0
126101,0
55658,0
167057,0
25824,0
30469,0
64626,0
127621,0
36047,1
157228,0
91134,0
98735,0
121764,1
54537,1
133088,0
39858,0
64200,0
110119,0
180661,1
30837,0
15471,0
104607,0
44747,1
100301,0
180223,0
187003,0
86640,0
30840,0
118740,0
107519,0
42211,0
42210,0
127630,0
86944,0
44218,1
127344,1
189694,0
161606,0
56362,0
50680,0
75833,1
180618,0
51373,0
48567,0
25068,0
44402,0
51680,0
163499,1
57665,1
20838,0
187833,0
132078,0
132945,0
65763,0
39973,0
162350,0
17081,0
55439,0
78502,0
94409,1
54810,0
173894,1
63745,0
2421,0
63618,1
140724,0
146842,0
110921,1
32499,0
16628,1
121958,0
149276,0
186333,0
117048,0
150042,1
101420,1
109372,0
56382,0
179652,0
155655,1
108541,0
161604,0
104387,0
186332,1
70325,0
66719,0
77648,0
166261,0
103557,0
165936,0
38561,1
76368,0
81214,0
166041,0
61693,0
26907,0
39496,0
32548,1
160527,0
90355,0
36597,1
25384,0
194367,0
17348,1
15791,0
17142,0
93453,0
169236,0
145522,0
56957,0
134975,0
157515,0
106205,0
140829,0
55095,0
126389,1
49407,1
174093,0
82390,1
86962,0
111083,1
110914,1
40129,0
20530,0
94399,0
145575,1
126159,0
49598,0
7889,0
131236,0
162717,0
34195,1
83327,0
76253,1
32498,0
176244,0
137960,0
56233,1
29867,0
61395,0
190625,1
32423,0
77659,0
164847,0
85364,0
94764,0
127186,0
146851,0
61629,0
165183,0
169104,0
150195,1
83104,0
82932,0
62620,0
153542,0
13791,1
37228,1
58507,0
81466,0
155282,1
69237,0
184640,0
156145,0
41357,0
65747,0
99080,0
127248,0
162663,0
140823,0
162819,0
172454,1
94404,0
65671,0
37931,0
55507,0
26071,0
128013,0
90337,0
155382,1
123707,1
189847,0
164189,0
54898,0
73357,0
113475,1
43716,0
126105,1
37209,0
52045,1
55169,0
109485,1
82270,0
45488,0
184595,0
44078,0
47430,1
66373,1
63747,0
95032,0
20580,0
164062,1
71055,1
64335,0
191915,0
155118,0
57044,0
69530,0
16770,0
104192,1
15656,0
120646,1
104549,0
98201,1
68062,0
123037,0
160522,0
2524,0
7972,0
189236,0
80711,1
103562,0
156046,0
17861,1
74912,0
60758,0
90083,0
1043,0
149007,1
144086,0
47360,0
41169,0
172643,0
189812,0
32855,1
55728,0
63710,0
149299,0
101870,0
156665,1
78652,1
21432,0
95713,1
149761,0
146871,1
110997,0
77916,0
80487,0
20021,1
137289,1
127350,0
189470,1
44530,1
127362,0
106272,0
104385,1
87527,0
80794,0
32745,1
34363,0
102860,1
128235,0
31156,0
121538,0
62030,0
17355,1
187300,0
78787,0
168075,0
82571,0
58181,0
31990,0
137155,1
98849,0
36925,1
87953,0
51032,0
73080,0
17517,1
87520,0
162579,0
113456,1
21892,0
103951,0
113321,0
14525,0
110691,1
105361,0
32852,0
188066,1
150408,0
44054,0
50125,0
162738,0
92847,0
123920,1
32331,1
181928,0
44526,1
74463,0
127357,0
73747,0
66921,0
25527,1
54359,0
104521,0
111179,0
158603,0
166479,1
113320,0
137961,0
188821,0
86727,0
99,0
127833,1
31487,0
146864,0
91230,1
130872,0
143298,0
178150,0
95958,0
70955,0
127523,0
133446,1
30444,0
161491,0
86753,1
56944,0
29525,0
123076,0
146213,0
169316,0
48988,1
140047,1
187008,0
117502,0
132046,0
54948,1
63750,1
25522,0
121203,1
156647,0
160677,1
8059,1
155270,1
164656,0
149929,0
185142,0
56626,0
121763,0
172592,1
11686,0
7152,0
95843,0
181397,0
57055,1
168690,1
121523,0
24949,1
43699,0
187939,0
55112,1
102075,0
64196,0
70322,0
169128,1
155050,0
2535,0
66757,0
168896,0
86963,1
86730,0
31798,0
50346,1
105235,1
157513,0
86971,0
141176,0
159444,0
174880,0
14854,1
184217,1
104544,0
70269,1
111947,0
52379,1
64209,0
44432,0
162881,1
50497,1
43831,0
122588,0
50060,0
71829,1
99235,0
42799,0
169302,0
146854,0
176086,0
71335,1
104743,1
9188,0
87522,0
184231,0
22383,1
187576,1
54945,0
81878,1
179346,1
178016,0
102863,1
54916,1
66005,0
31541,0
189695,0
61843,0
157914,0
62851,0
156190,1
180089,0
64199,0
169154,0
82899,0
153552,0
180897,1
44050,0
72060,1
36737,0
98930,0
169129,1
113579,1
166716,0
97591,0
188025,1
117260,1
75627,0
156523,1
59234,1
42794,1
171176,0
23295,0
33794,0
93666,0
143555,0
38765,0
157370,0
54812,0
73753,0
95344,0
184197,1
131481,0
21888,0
147239,0
123398,0
125241,0
154918,0
23293,0
34178,0
113345,0
118859,1
132992,0
91136,0
17512,1
51027,1
33447,0
80079,0
74382,0
97376,1
94837,0
54804,1
72263,1
52190,1
55492,0
126040,0
87951,0
155619,0
101385,0
104492,1
164183,0
17140,0
54580,1
127513,0
147930,0
147586,0
145262,1
104652,0
69422,0
185375,0
188470,0
121374,0
28641,0
184203,0
75965,1
61660,0
66403,0
92993,0
157645,0
148150,0
160574,1
38559,1
95067,0
86750,0
96918,1
137966,1
159165,0
60178,0
57029,0
72222,0
162578,0
76272,0
140330,0
98211,0
122117,0
173905,1
111027,1
166715,0
57059,1
169092,0
35128,1
161923,0
115533,0
127439,0
91268,1
101461,0
57107,0
126152,0
25908,0
111213,0
127313,0
66644,1
101887,1
90356,0
103674,0
58387,0
53939,0
65333,0
51725,1
74516,0
122066,0
2536,1
75306,0
77652,0
58499,0
127374,0
116268,1
157653,0
95953,0
143953,0
160576,1
124120,1
54815,0
141263,0
79265,0
79277,0
60637,0
23015,0
56295,0
127636,0
62850,0
72699,1
101419,1
65395,1
15220,1
71336,0
150029,0
168088,0
180536,0
149742,1
17056,0
149065,1
111085,1
39012,0
15224,1
191919,0
68494,0
13777,1
76917,1
146845,0
164376,0
168824,0
146844,1
38013,0
166899,1
166490,0
126847,0
74481,0
144260,0
159173,0
158727,0
73098,0
2521,0
77470,0
91759,1
111030,1
104189,0
122188,0
160579,0
145481,0
162695,0
62510,0
103671,0
126271,1
131108,0
63737,0
95547,0
124490,0
62511,0
39927,0
172445,0
144527,0
127239,0
65277,0
44170,0
38390,0
82265,0
110693,0
79701,0
178826,0
189699,0
31455,0
124697,0
188938,0
73108,0
95550,0
135805,0
127380,0
58743,0
182541,1
101418,0
36482,0
164119,0
146347,0
69088,0
32497,0
33938,1
189842,0
82933,0
141178,0
150163,0
43553,0
156144,0
65142,0
181357,1
50062,0
38571,0
146706,0
30353,0
127456,0
64206,0
53591,1
91908,1
77465,0
98647,1
40862,0
74911,0
153537,1
77655,0
111078,1
79705,0
31796,1
127509,0
169257,0
19912,0
23528,0
127179,1
75246,0
184214,1
127516,0
48983,1
115418,1
91988,0
76715,0
31835,1
17074,0
189854,0
157735,0
147922,1
77661,0
38016,0
73187,0
47494,0
109083,0
90406,0
127619,0
90350,0
15474,0
157861,0
164053,0
89988,1
149816,0
43104,0
66402,0
77910,0
124687,0
91449,0
121263,0
55176,0
132986,0
127515,0
56940,0
113465,1
183181,1
78801,0
72433,0
137892,0
77912,0
173892,0
54950,1
102858,0
188083,0
70951,0
56942,0
39931,0
86766,0
20192,0
43550,1
140728,0
54486,0
56419,0
141179,0
54816,0
155637,0
96408,0
79087,0
168057,0
109084,0
123719,1
185988,0
186423,0
91269,1
90351,0
164877,1
102844,0
126337,0
56956,0
82269,0
131873,0
93340,0
80688,0
90847,0
120122,0
111888,1
137958,0
100840,0
126165,0
91751,0
188510,0
95015,1
175613,0
87,0
57913,1
95534,1
110989,1
55,0
111182,0
100391,0
134986,0
156027,0
105362,0
128011,0
66349,0
123997,0
168048,0
194849,0
74470,0
116228,1
62934,0
166170,0
191738,1
44199,0
36927,0
46563,0
66599,0
150028,0
137838,0
102086,0
144068,0
63736,0
162489,0
68156,1
71708,0
145540,0
71866,0
121551,0
127364,0
18039,1
69648,1
152656,0
16991,0
42917,1
89443,0
38394,0
151244,0
7995,0
44051,0
49084,1
186363,0
98645,1
169470,0
165932,0
78779,0
160573,1
127510,1
178909,0
195294,0
74462,0
73361,1
127609,0
99001,1
169603,0
113980,1
78802,0
126335,0
184201,0
65396,0
71333,1
163115,1
78783,1
127519,0
98047,1
91288,0
165994,0
126947,0
151241,1
24728,0
123688,1
65271,0
178686,0
127177,1
180650,0
66013,0
126848,0
47431,0
49851,0
127183,0
126833,0
65335,0
111211,0
195405,0
121222,1
69313,0
39418,0
64398,0
101456,1
110123,0
58406,0
54067,0
134974,0
191929,0
70098,1
28288,1
91750,0
75049,1
148227,0
59138,0
115345,1
98648,1
63275,0
61582,0
168055,0
46068,0
184222,1
160567,0
148419,0
140754,0
58179,0
124924,1
22412,0
156525,1
171184,0
126331,0
33936,0
77748,0
185364,1
163124,0
80753,0
64185,0
44549,0
23538,0
3179,1
132823,0
369,0
67420,0
40131,0
44616,0
40973,0
141376,0
164186,0
177982,0
164187,0
184147,0
99227,0
126859,0
143955,0
89679,0
162687,0
43359,1
59447,0
127842,0
77911,0
155131,0
189850,1
110690,1
102839,0
80752,0
96179,1
192413,1
62269,0
162491,0
167064,0
81050,1
370,0
139327,0
95818,0
137977,0
17858,0
69102,1
186700,0
95616,1
91746,0
124493,1
52076,0
166386,0
141990,0
104605,0
164181,0
130090,0
94830,0
2523,0
161886,0
94410,0
164178,0
168713,0
9224,0
163463,0
36050,0
89439,1
39728,0
25946,1
149275,0
149006,1
66968,1
117892,0
47469,0
3184,1
55441,0
56935,0
173193,0
51475,1
123990,0
20784,0
55125,0
172978,1
169101,0
146701,1
127724,0
43423,0
154961,0
115410,0
108776,1
133746,1
126571,0
103959,0
128017,0
139326,0
127352,0
193482,1
102073,0
65673,0
124603,0
89684,0
170950,1
187772,0
74364,1
71172,0
190704,0
149251,0
144084,0
38764,0
181406,0
178857,0
102085,0
44079,0
65278,0
138242,0
42806,0
28500,0
127297,0
76237,1
73094,0
189973,1
127444,0
95693,0
61636,0
39712,1
174036,0
134781,1
108765,1
46232,0
155116,0
33195,1
130585,0
173865,1
102849,1
149292,0
172864,1
124487,1
54980,1
118329,0
61697,1
60050,0
45437,0
133086,0
54809,0
149179,1
90415,0
140874,0
23605,0
73113,0
148213,1
52857,1
157403,1
67418,0
54748,0
76260,0
15311,0
132049,0
177858,0
65251,1
98210,0
102840,0
110912,0
79276,0
187078,0
91765,0
65262,0
164829,0
80312,1
86959,0
48160,0
171425,1
19424,0
165034,0
50124,1
34978,0
48998,0
18045,1
46350,0
126851,0
147921,0
62310,0
113998,0
3202,0
61518,0
80704,1
113999,0
73039,1
158191,1
61028,0
169031,1
38301,1
81909,0
191433,1
126036,0
104545,0
166174,0
155216,0
194578,1
181394,1
39730,0
113575,1
45922,1
80719,0
116820,1
72517,0
69355,0
59028,0
111019,1
73110,0
172315,0
60041,0
187942,1
80717,1
69301,1
94829,0
18805,1
185373,0
107090,1
164164,0
21894,0
113981,0
76370,0
61985,0
139102,0
127606,0
136259,1
150190,1
31821,0
76439,1
35538,1
179602,0
50496,0
50058,0
64466,0
126759,0
31274,0
102841,0
158435,0
7917,0
28165,0
120377,1
78921,0
132277,0
78429,0
187645,1
121959,1
173899,1
15423,0
89682,0
79614,0
1933,0
181096,0
110695,1
143958,0
127365,0
160535,0
170470,0
20694,0
191912,0
66151,0
113336,0
91287,0
59201,0
157597,1
102081,0
17155,1
71865,1
86937,0
145531,0
192595,0
96182,0
169351,0
69203,0
151190,0
157390,0
19375,1
169021,1
146276,0
73494,1
121550,1
147794,0
125242,0
54187,0
102084,0
41981,0
148230,1
51023,0
56366,0
149070,0
188820,0
120386,0
166427,0
190037,1
150164,0
174091,0
145274,0
22523,0
162452,0
132988,0
89687,0
104625,0
41504,0
126341,0
162625,0
174777,0
96462,0
166101,0
143962,0
62063,0
71828,0
61638,0
189821,0
128014,0
53702,1
43760,0
76326,0
77662,0
160012,0
146850,0
155094,0
169080,0
95815,0
132473,1
127342,0
82393,0
140789,0
35112,1
42914,0
110991,1
63802,0
98940,1
161620,0
155395,0
32255,0
108769,1
32394,0
9223,0
46221,0
28286,0
72044,0
52417,0
117668,0
149352,1
43153,0
41486,0
170414,0
114624,0
55656,0
53483,1
169102,0
128043,0
122998,1
116266,0
14386,0
176592,0
155225,1
149989,0
46729,0
55375,0
195462,1
155205,0
127305,1
166100,0
99435,1
21893,0
169139,0
163163,1
127440,0
86934,0
86737,0
102069,0
56171,0
75094,1
109230,0
141453,0
14528,0
45904,1
77467,0
81110,0
78491,0
163120,0
32262,1
73358,0
36484,0
165807,0
178020,0
164380,0
20698,0
17154,0
127306,0
162561,1
49409,1
169621,1
154913,0
57669,1
184233,0
149138,0
20022,1
169883,0
192601,1
185119,0
176137,0
139337,0
57109,0
161971,0
120385,0
158438,1
127623,0
74478,0
177604,1
108771,1
127366,0
105273,0
156017,0
38884,0
25383,0
32480,1
121112,1
79688,0
94414,0
78788,0
105233,0
77663,0
117521,0
127300,0
159498,0
91552,0
92822,0
155049,0
17915,0
62849,0
54943,0
64184,0
2435,0
69101,0
160582,0
86738,0
176029,1
18233,1
170984,0
116398,0
187209,0
162879,1
14524,0
54808,0
189698,0
80706,1
29647,0
96915,0
145521,0
64474,0
180172,0
39648,0
128009,0
149294,0
74214,0
77787,0
62834,0
155124,0
58564,0
102045,0
189518,0
55730,0
57033,0
123720,1
188973,1
89774,1
116667,1
39926,0
102558,0
59199,0
20696,0
111024,1
112627,0
158742,0
127190,1
73115,0
75097,0
140817,0
7133,0
195597,0
32537,1
118901,0
33448,0
49610,1
80484,0
18052,1
16008,0
7311,0
127134,0
94795,1
127524,0
172456,0
17350,1
177865,0
17001,0
28164,0
165527,1
111017,1
184355,0
72014,0
22951,0
78790,0
140804,0
145365,0
49661,0
31039,0
156606,0
182872,0
157829,0
24716,0
127612,0
130871,0
130474,0
90345,0
57271,1
41032,0
56961,0
127843,0
56879,0
139512,0
132534,0
76444,0
81461,0
170797,0
188472,0
61278,0
102092,0
94406,0
31252,1
155198,0
108285,0
58404,0
58268,0
16782,0
184195,1
98736,1
111007,1
9226,0
58264,0
7174,0
124495,0
43711,1
11171,0
57030,0
35057,0
132982,0
2533,0
157713,0
156044,0
195292,0
102078,0
41849,0
20205,1
169923,0
195317,0
105083,0
134890,0
48677,0
150975,1
150191,1
178198,0
128007,0
155179,0
170261,0
73206,0
165340,0
126824,0
26911,0
54806,1
85227,0
53431,1
49852,0
82308,1
113580,1
78798,1
87307,1
54811,0
121552,1
174039,0
55170,0
92823,1
111395,0
176241,1
86972,0
70301,1
56134,0
51649,0
157651,0
134972,0
78800,0
78780,0
126430,0
160565,0
132248,0
125229,0
149493,0
146193,0
125071,0
90423,0
162720,1
179342,1
17509,0
165157,0
17153,0
146856,0
16836,0
149074,1
128914,0
146843,0
168894,0
137836,0
95029,0
86746,0
69240,0
127618,0
125558,0
97590,1
11693,0
140800,0
151464,0
150175,1
127355,0
7456,0
164880,1
155117,0
153543,0
15850,1
73529,0
107608,1
184193,1
56276,0
127863,0
183449,1
89987,1
169378,0
150006,0
123690,0
62279,0
44224,0
161643,1
155210,0
32840,0
57064,0
77461,0
111073,1
104207,1
63122,0
132109,0
125562,0
121956,1
38365,0
51729,0
162563,1
111081,1
44883,0
73124,0
145576,0
169466,0
192679,0
128446,0
132110,0
9229,0
155286,0
81923,0
104627,1
78409,0
157649,0
15464,0
135878,0
98223,0
127277,0
52188,1
127442,0
170798,0
134780,0
91747,0
147685,1
17077,0
127345,0
26268,0
49807,1
128707,0
156,0
90422,0
190693,0
69356,1
184213,0
9239,0
59509,0
134979,0
107605,0
73752,0
17144,0
75069,0
69305,0
103190,1
147636,0
19258,1
162084,0
17472,0
111177,0
38292,0
64143,0
162627,0
93338,0
124699,0
57049,0
60590,0
127354,0
15392,1
54535,1
67884,0
65751,0
99448,0
147911,0
189853,1
33257,1
144065,0
165182,0
68148,0
81429,1
174646,0
54577,0
56293,1
56412,0
158605,0
23258,0
140821,0
184823,1
78559,0
144152,0
101317,0
130089,0
92891,0
19493,0
73112,0
48926,0
86747,1
140792,0
111033,1
192788,0
168205,0
194295,1
74384,0
11698,0
157647,0
165808,0
61029,0
62512,0
71734,0
167501,0
32500,1
172666,0
82317,0
185374,0
170426,0
72016,0
46307,0
23087,0
187507,0
118957,0
61362,0
26969,0
33872,1
41365,0
87786,0
55167,0
118857,0
33639,1
126845,0
173902,0
137154,1
79608,0
158608,0
55117,1
162333,0
34269,0
111086,1
74262,0
18894,0
137239,0
77781,0
175682,1
98449,1
82307,1
44169,0
154912,0
189865,0
93342,0
49850,1
127622,0
31884,0
184798,1
76287,0
155201,0
20016,0
38640,0
62312,0
179353,0
180540,0
65878,1
172452,0
77668,0
96347,0
48156,0
18804,0
162694,0
91992,0
3093,0
44329,0
23537,1
96967,1
139093,0
192789,0
64195,0
16627,1
126046,0
68146,0
155219,1
97588,1
80788,0
127525,0
13747,0
63966,0
15221,1
161345,0
55175,0
187938,0
77782,0
44289,0
176113,0
194372,0
56933,0
57912,1
32551,1
121369,0
190702,0
120387,0
52418,0
61579,0
126270,1
46227,0
100388,0
109155,0
159492,0
73099,0
56523,1
54936,0
74466,0
150196,0
186094,1
77468,0
73170,1
89963,0
121264,0
93664,0
39011,0
134984,0
95819,1
116222,1
44279,0
132010,0
149073,0
101421,1
51611,0
349,0
127381,0
69078,1
127182,0
110692,0
181419,1
76095,0
91752,1
18834,0
190681,1
54581,1
127230,0
108509,0
113601,0
20290,0
182532,0
74909,0
181187,0
63804,0
71334,0
56368,0
162565,1
50051,0
149748,1
150233,1
168157,0
93849,1
78531,0
159168,0
93653,0
65712,0
111396,0
159169,0
189848,0
168906,0
45990,0
31828,1
97599,1
164184,0
70092,0
26910,0
90649,0
73111,0
24945,0
61661,0
16626,1
57670,0
181188,0
100279,0
178829,0
61076,0
54747,1
144123,0
38515,1
72752,1
103556,0
149253,0
127301,0
60611,0
56748,0
120644,0
110381,0
60049,0
91135,1
121574,0
118956,0
176264,1
54947,0
518,1
188719,1
65356,0
178827,0
66600,0
79086,0
143292,0
167105,1
89947,0
78924,0
107211,0
191742,1
157472,0
122999,1
171984,0
99084,1
23062,0
73100,0
116229,1
90635,0
138241,0
187763,1
77728,0
42052,0
34174,0
128706,0
84794,1
138243,0
192190,0
26909,0
81189,0
56168,0
120124,0
155361,1
65266,1
127562,0
169698,0
171017,0
158612,0
96950,1
104636,0
46967,0
127343,0
160584,0
131356,0
20384,0
169093,0
55856,0
160469,1
122196,0
76369,0
71913,0
11747,0
131253,0
104322,0
17353,1
175894,0
102067,0
147760,1
127290,0
82266,0
135122,1
76286,0
96917,0
17185,1
155051,0
107600,0
160568,1
79271,0
111004,0
113354,0
155113,0
170563,0
184227,0
146865,0
105085,1
172769,0
55017,1
192269,1
78795,1
23063,0
30371,0
165364,1
3126,0
161503,0
127737,0
103375,0
158439,0
192261,0
128093,0
130069,0
195291,0
175144,0
140796,0
128001,0
159548,1
27580,0
53694,1
120126,0
159156,0
194791,1
59106,0
191913,0
189843,0
75253,0
80715,1
127727,0
17059,0
184206,0
122064,0
86732,0
86969,0
171462,0
147941,0
138432,0
24968,0
127287,0
146272,0
62278,0
145488,0
170930,1
71173,0
127259,0
144941,0
155231,1
75273,1
39977,0
147950,0
172773,0
161582,0
173895,0
177859,0
71049,1
151386,0
66012,0
98195,0
167404,0
62311,0
83279,0
126340,0
58235,0
50059,0
44327,0
71113,0
189697,0
16766,1
107638,1
38560,1
80552,0
111095,1
42117,0
152338,1
137963,0
185122,0
191088,0
121549,1
159997,0
17100,0
159437,0
155263,0
69531,1
94637,0
32171,0
16771,0
157910,0
105288,0
77780,0
127720,0
156035,0
127199,0
45539,0
2157,1
164928,0
180534,0
58483,0
51692,1
49086,1
127288,0
51035,0
136474,0
111667,0
126191,0
39729,0
151807,0
102072,1
113146,0
134985,0
74318,1
161870,0
99236,1
58556,1
75247,0
162628,0
41107,0
43480,0
118742,0
111094,1
9190,0
1932,1
191741,0
69873,0
168440,0
78923,0
180024,0
72758,1
175142,0
57272,0
166717,0
132228,0
108657,0
190700,0
71822,0
78785,1
109231,1
187595,1
71126,0
11689,0
110167,0
77309,0
115416,0
102843,0
50884,1
156153,0
172440,0
123703,0
129454,0
173904,1
64179,0
174229,0
117894,1
51374,0
43817,0
179503,1
127851,0
49485,0
55119,0
131132,0
140828,0
52779,1
154794,0
121576,0
80603,0
145474,0
164374,0
163116,0
98737,0
86769,0
59449,0
20695,0
114626,0
142294,0
79263,0
139967,0
22325,1
127736,0
47683,1
170481,0
23779,0
95549,1
76435,1
56564,0
126839,0
44278,0
170954,0
150194,1
58828,0
31823,0
184622,0
66374,0
174095,1
162559,1
56948,0
146326,0
25060,0
75967,1
35212,1
165935,0
52109,0
149420,1
174775,0
54358,0
140638,1
195459,0
40699,0
158599,0
137153,1
141165,0
111031,1
57069,0
73751,0
42785,0
140803,0
171007,0
95034,1
32489,0
40828,1
159986,0
124405,0
141167,0
44055,0
156040,0
184226,0
95546,1
118780,1
28285,1
16625,1
157742,1
125741,0
126336,1
17855,0
98330,1
101876,0
158604,0
194364,0
185802,1
164828,0
121367,0
58276,0
15422,0
70308,1
125226,0
74910,0
121301,1
159442,0
104206,0
164379,0
188246,0
153501,1
80287,0
162712,0
117560,1
121957,1
80846,1
13767,1
110986,1
94794,1
191519,1
159465,0
54823,0
59071,0
57060,1
104552,0
169098,1
116223,1
72718,1
133744,0
175680,0
145556,1
165995,0
135811,0
160241,0
101423,1
73360,1
195293,0
188703,1
111089,1
172355,0
189214,1
2689,0
147266,1
91989,0
127276,0
44280,0
189809,0
30476,1
167357,0
114622,0
63758,0
62313,0
177466,0
145557,0
149762,1
31640,0
5560,0
122190,0
77466,0
148870,1
170545,0
18756,0
77664,0
20000,0
108360,0
87942,0
185120,1
98854,0
55493,0
127249,0
11735,0
77471,0
34652,0
113334,0
56724,0
160525,0
101247,0
65994,0
156668,1
130582,0
73125,0
22517,1
179502,1
161897,0
43722,1
125559,0
16988,0
156448,1
66019,1
9134,1
19782,0
16834,1
72270,1
102972,1
169048,0
27931,1
55225,1
94631,0
173898,0
145082,1
44080,0
148155,1
178888,0
17857,0
20048,0
66736,0
107599,0
39649,0
48928,0
162721,0
68639,0
164182,0
86932,0
153407,0
146210,0
75860,0
144071,0
188700,1
184236,0
191287,0
127312,0
127286,1
165771,0
63721,0
35054,1
71687,0
89686,0
162688,0
124694,0
74215,0
161888,0
16783,0
30373,0
95026,0
48415,0
96191,1
163432,0
162689,0
44976,0
32295,1
61580,0
19271,0
18046,1
55100,0
38880,0
26400,0
74940,1
20292,0
74445,0
110689,1
58275,0
37286,1
121109,0
133090,0
168899,0
75721,0
2522,0
102666,0
56638,0
162366,1
126760,0
187000,1
40834,1
53698,1
51094,1
41363,0
16767,1
17058,0
127285,0
106491,0
171750,0
55092,0
73369,0
65246,0
146196,0
59727,1
111173,0
102093,0
127351,0
162692,0
38569,0
11691,0
127638,0
33721,0
48565,0
185137,0
100263,0
17862,1
63708,0
183456,0
148171,0
63709,0
41855,0
131483,0
158593,0
56936,0
155211,0
60640,0
167363,0
15465,1
78530,0
48703,0
56745,0
63967,1
36926,0
120779,0
108362,0
80707,0
127671,0
126832,0
164192,0
146853,0
157471,0
162749,0
150861,1
162629,0
179604,0
104326,0
111013,1
41300,0
165108,0
169284,0
19422,1
141285,0
49982,1
92998,1
56411,1
179607,1
152394,1
139008,0
155283,0
39472,0
57798,1
165156,0
127206,0
156362,0
91748,0
194303,0
167401,1
69961,0
157899,1
121209,0
130866,0
161871,1
104609,1
71046,1
31747,1
76275,0
56167,0
167206,1
37797,0
19033,0
131135,0
17146,0
118134,0
121359,1
118393,0
105027,0
82019,1
56522,1
151189,0
50050,0
133092,0
81486,0
171475,0
59562,0
86754,0
117329,0
70892,1
54206,0
73281,1
172455,0
146436,0
61183,0
95027,0
80708,0
168059,0
164922,0
80789,1
104733,1
40565,0
